--
-- PostgreSQL database dump
--

-- Dumped from database version 14.5
-- Dumped by pg_dump version 14.5

SET statement_timeout = 0;
SET lock_timeout = 0;
SET idle_in_transaction_session_timeout = 0;
SET client_encoding = 'UTF8';
SET standard_conforming_strings = on;
SELECT pg_catalog.set_config('search_path', '', false);
SET check_function_bodies = false;
SET xmloption = content;
SET client_min_messages = warning;
SET row_security = off;

SET default_tablespace = '';

SET default_table_access_method = heap;

--
-- Name: comments; Type: TABLE; Schema: public; Owner: postgres
--

CREATE TABLE public.comments (
    id integer NOT NULL,
    content text,
    created_at timestamp without time zone DEFAULT now(),
    user_id integer,
    post_id integer
);


ALTER TABLE public.comments OWNER TO postgres;

--
-- Name: comments_id_seq; Type: SEQUENCE; Schema: public; Owner: postgres
--

ALTER TABLE public.comments ALTER COLUMN id ADD GENERATED BY DEFAULT AS IDENTITY (
    SEQUENCE NAME public.comments_id_seq
    START WITH 1
    INCREMENT BY 1
    NO MINVALUE
    NO MAXVALUE
    CACHE 1
);


--
-- Name: posts; Type: TABLE; Schema: public; Owner: postgres
--

CREATE TABLE public.posts (
    id integer NOT NULL,
    title character varying(255) NOT NULL,
    content text,
    created_at timestamp without time zone DEFAULT now(),
    user_id integer
);


ALTER TABLE public.posts OWNER TO postgres;

--
-- Name: posts_id_seq; Type: SEQUENCE; Schema: public; Owner: postgres
--

ALTER TABLE public.posts ALTER COLUMN id ADD GENERATED BY DEFAULT AS IDENTITY (
    SEQUENCE NAME public.posts_id_seq
    START WITH 1
    INCREMENT BY 1
    NO MINVALUE
    NO MAXVALUE
    CACHE 1
);


--
-- Name: users; Type: TABLE; Schema: public; Owner: postgres
--

CREATE TABLE public.users (
    id integer NOT NULL,
    username character varying(255) NOT NULL,
    email character varying(255) NOT NULL,
    password character varying(255) NOT NULL,
    firstname character varying(255),
    lastname character varying(255)
);


ALTER TABLE public.users OWNER TO postgres;

--
-- Name: users_id_seq; Type: SEQUENCE; Schema: public; Owner: postgres
--

ALTER TABLE public.users ALTER COLUMN id ADD GENERATED BY DEFAULT AS IDENTITY (
    SEQUENCE NAME public.users_id_seq
    START WITH 1
    INCREMENT BY 1
    NO MINVALUE
    NO MAXVALUE
    CACHE 1
);


--
-- Data for Name: comments; Type: TABLE DATA; Schema: public; Owner: postgres
--

COPY public.comments (id, content, created_at, user_id, post_id) FROM stdin;
3	Harika bir yazı! Çok bilgilendirici buldum.	2023-06-13 10:00:00	3	1
4	Bu yararlı ipuçlarını paylaştığınız için teşekkürler.	2023-06-13 11:00:00	4	1
5	Bir sorum var. Daha fazla detay verebilir misiniz?	2023-06-13 12:00:00	2	2
6	Harika iş! Böyle devam edin.	2023-06-13 14:00:00	3	3
7	Tamamen nokta atışı yapmışsınız. Katılıyorum.	2023-06-13 12:00:00	2	2
8	Bu makale bana çok yardımcı oldu. Teşekkürler!	2023-06-13 16:00:00	5	4
9	Bu yazıyı gelecekte başvurmak için yer imlerime ekledim.	2023-06-13 18:00:00	6	5
10	Harika bir iş çıkarmışsınız! Yazınızı keyifle okudum.	2023-06-13 20:00:00	7	6
11	Bu yazıyı arkadaşlarımla paylaştım. Onlar da çok sevdi!	2023-06-13 22:00:00	8	7
12	Bu yazıyı çok ilham verici buldum. Teşekkürler!	2023-06-13 23:00:00	9	8
13	Harika bir makale! Çok beğendim.	2023-06-13 09:30:00	3	1
14	Eğlenceli ve bilgilendirici bir yazı.	2023-06-13 10:45:00	4	1
15	Bu konu hakkında daha fazla yazı bekliyorum.	2023-06-13 11:15:00	2	2
16	Güzel bir perspektif sunmuşsunuz.	2023-06-13 13:20:00	3	3
17	Bu konuda uzmanlaşmışsınız, tebrikler!	2023-06-13 14:50:00	2	2
18	Çok teşekkür ederim, aradığım bilgileri buldum.	2023-06-13 16:10:00	5	4
19	Yazınız beni gerçekten etkiledi.	2023-06-13 17:45:00	6	5
20	Başarılı bir çalışma, devamını bekliyorum.	2023-06-13 19:30:00	7	6
21	Harika bir paylaşım, önerileriniz için teşekkürler.	2023-06-13 21:15:00	8	7
22	Yazınız bana ilham verdi, yazma konusunda daha motive oldum.	2023-06-13 22:45:00	9	8
\.


--
-- Data for Name: posts; Type: TABLE DATA; Schema: public; Owner: postgres
--

COPY public.posts (id, title, content, created_at, user_id) FROM stdin;
1	Gezi Rehberi	Unutulmaz bir tatil için en iyi 10 gezi ipucu.	2023-06-13 11:20:05.229412	1
2	Lezzetli Tarifler	Bir sonraki öğün için lezzetli tarifler deneyin.	2023-06-13 11:20:05.229412	2
3	Fitness İpuçları	Etkili antrenman ipuçlarıyla formda kalın.	2023-06-13 11:20:05.229412	1
4	Ev Dekorasyon Fikirleri	Ev dekorasyonu için benzersiz fikirler keşfedin.	2023-06-13 11:20:05.229412	3
5	Bahçe Bakımı İpuçları	Bahçenizde güzel bir bahçe nasıl oluşturulur öğrenin.	2023-06-13 11:20:05.229412	4
6	Kariyer Gelişimi	Kariyerinizde ilerlemek için önemli ipuçları.	2023-06-13 11:20:05.229412	5
7	Teknoloji Haberleri	Teknoloji dünyasındaki son haberleri takip edin.	2023-06-13 11:20:05.229412	6
8	Moda Trendleri	En yeni moda trendlerini keşfedin.	2023-06-13 11:20:05.229412	7
9	Seyahat Önerileri	Harika bir seyahat deneyimi için ipuçları.	2023-06-13 11:20:05.229412	8
10	Kitap Önerileri	Her kitap severin okuması gereken kitaplar.	2023-06-13 11:20:05.229412	8
\.


--
-- Data for Name: users; Type: TABLE DATA; Schema: public; Owner: postgres
--

COPY public.users (id, username, email, password, firstname, lastname) FROM stdin;
1	tolgaozkaya	tolgaozkaya@gmail.com	123	Tolga	Özkaya
2	elifdemir	elifdemir@example.com	elif123	Elif	Demir
3	muratguler	muratguler@example.com	muratpass	Murat	Güler
4	aysenurcetin	aysenurcetin@example.com	aysenur123	Ayşenur	Çetin
5	emreozturk	emreozturk@example.com	emre123	Emre	Öztürk
6	yaseminaksoy	yaseminaksoy@example.com	yaseminpass	Yasemin	Aksoy
7	cemergun	cemergun@example.com	cem123	Cem	Ergün
8	aylinkara	aylinkara@example.com	aylin123	Aylin	Kara
9	kemalgenc	kemalgenc@example.com	kemalpass	Kemal	Genç
10	sevgikoc	sevgikoc@example.com	sevgi123	Sevgi	Koç
\.


--
-- Name: comments_id_seq; Type: SEQUENCE SET; Schema: public; Owner: postgres
--

SELECT pg_catalog.setval('public.comments_id_seq', 22, true);


--
-- Name: posts_id_seq; Type: SEQUENCE SET; Schema: public; Owner: postgres
--

SELECT pg_catalog.setval('public.posts_id_seq', 49, true);


--
-- Name: users_id_seq; Type: SEQUENCE SET; Schema: public; Owner: postgres
--

SELECT pg_catalog.setval('public.users_id_seq', 30, true);


--
-- Name: comments comments_pkey; Type: CONSTRAINT; Schema: public; Owner: postgres
--

ALTER TABLE ONLY public.comments
    ADD CONSTRAINT comments_pkey PRIMARY KEY (id);


--
-- Name: posts posts_pkey; Type: CONSTRAINT; Schema: public; Owner: postgres
--

ALTER TABLE ONLY public.posts
    ADD CONSTRAINT posts_pkey PRIMARY KEY (id);


--
-- Name: users users_pkey; Type: CONSTRAINT; Schema: public; Owner: postgres
--

ALTER TABLE ONLY public.users
    ADD CONSTRAINT users_pkey PRIMARY KEY (id);


--
-- Name: comments comments_post_id_fkey; Type: FK CONSTRAINT; Schema: public; Owner: postgres
--

ALTER TABLE ONLY public.comments
    ADD CONSTRAINT comments_post_id_fkey FOREIGN KEY (post_id) REFERENCES public.posts(id);


--
-- Name: comments comments_user_id_fkey; Type: FK CONSTRAINT; Schema: public; Owner: postgres
--

ALTER TABLE ONLY public.comments
    ADD CONSTRAINT comments_user_id_fkey FOREIGN KEY (user_id) REFERENCES public.users(id);


--
-- Name: posts posts_user_id_fkey; Type: FK CONSTRAINT; Schema: public; Owner: postgres
--

ALTER TABLE ONLY public.posts
    ADD CONSTRAINT posts_user_id_fkey FOREIGN KEY (user_id) REFERENCES public.users(id);


--
-- PostgreSQL database dump complete
--

